SET SQL_MODE = "NO_AUTO_VALUE_ON_ZERO";
START TRANSACTION;
SET time_zone = "+00:00";

INSERT INTO `menu_items` (`id`, `name`, `description`, `price`, `category`, `image_path`, `is_available`, `created_at`, `updated_at`) VALUES
(1, 'Sup Gearbox Kambing', 'Signature lamb gearbox soup with rich traditional broth', 19.00, 'signature-sup', 'menu-images/item1.png', 1, '2026-06-26 23:35:34', '2026-06-26 23:35:34'),
(2, 'Sup Kambing', 'Tender lamb soup with aromatic spices', 20.00, 'signature-sup', 'menu-images/item2.png', 1, '2026-06-26 23:35:34', '2026-06-26 23:35:34'),
(3, 'Sup Daging', 'Hearty beef soup with vegetables', 8.00, 'signature-sup', 'menu-images/item3.png', 1, '2026-06-26 23:35:34', '2026-06-26 23:35:34'),
(4, 'Sup Ayam', 'Comforting chicken soup with herbs', 7.00, 'signature-sup', 'menu-images/item4.png', 1, '2026-06-26 23:35:34', '2026-06-26 23:35:34'),
(5, 'Add: Mee / Mee Hoon / Kuey Teow', 'Add noodles to your soup', 2.00, 'signature-sup', 'menu-images/item5.png', 1, '2026-06-26 23:35:34', '2026-06-26 23:35:34'),
(6, 'Add: Nasi Putih + Telur Dadar + Sambal + Ulam', 'Rice set with egg, sambal, and ulam', 5.00, 'signature-sup', 'menu-images/item6.png', 1, '2026-06-26 23:35:34', '2026-06-26 23:35:34'),
(7, 'Add: Roti Francis / Gardenia', 'Bread to accompany your soup', 2.50, 'signature-sup', 'menu-images/item7.png', 1, '2026-06-26 23:35:34', '2026-06-26 23:35:34'),
(8, 'Mee Rebus Gearbox Kambing', 'Thick gravy noodles with lamb gearbox bone', 20.00, 'signature-mee', 'menu-images/item8.png', 1, '2026-06-26 23:35:34', '2026-06-26 23:35:34'),
(9, 'Mee Rebus Daging', 'Thick gravy noodles with beef', 9.50, 'signature-mee', 'menu-images/item9.png', 1, '2026-06-26 23:35:34', '2026-06-26 23:35:34'),
(10, 'Mee Rebus Ayam', 'Thick gravy noodles with chicken', 9.00, 'signature-mee', 'menu-images/item10.png', 1, '2026-06-26 23:35:34', '2026-06-26 23:35:34'),
(11, 'Lontong Kuah', 'Compressed rice cakes in coconut gravy', 7.50, 'sarapan-panas', 'menu-images/item11.png', 1, '2026-06-26 23:35:34', '2026-06-26 23:35:34'),
(12, 'Lontong Kering (Ayam)', 'Dry lontong with chicken', 9.00, 'sarapan-panas', 'menu-images/item12.png', 1, '2026-06-26 23:35:34', '2026-06-26 23:35:34'),
(13, 'Lontong Kering (Daging)', 'Dry lontong with beef', 9.50, 'sarapan-panas', 'menu-images/item13.png', 1, '2026-06-26 23:35:34', '2026-06-26 23:35:34'),
(14, 'Nasi Lemak Basmathi (Telur)', 'Fragrant basmathi rice with egg and sambal', 6.00, 'sarapan-panas', 'menu-images/item14.png', 1, '2026-06-26 23:35:34', '2026-06-26 23:35:34'),
(15, 'Nasi Lemak Basmathi (Ayam)', 'Fragrant basmathi rice with fried chicken', 9.00, 'sarapan-panas', 'menu-images/item15.png', 1, '2026-06-26 23:35:34', '2026-06-26 23:35:34'),
(16, 'Nasi Lemak Rendang (Ayam)', 'Coconut rice with chicken rendang', 8.50, 'sarapan-panas', 'menu-images/item16.png', 1, '2026-06-26 23:35:34', '2026-06-26 23:35:34'),
(17, 'Nasi Lemak Rendang (Daging)', 'Coconut rice with beef rendang', 9.50, 'sarapan-panas', 'menu-images/item17.png', 1, '2026-06-26 23:35:34', '2026-06-26 23:35:34'),
(18, 'Nasi Ayam Basmathi', 'Steamed chicken with fragrant basmathi rice', 12.00, 'sarapan-panas', 'menu-images/item18.png', 1, '2026-06-26 23:35:34', '2026-06-26 23:35:34'),
(19, 'Nasi Ambang', 'Traditional Javanese mixed rice platter', 9.50, 'sarapan-panas', 'menu-images/item19.png', 1, '2026-06-26 23:35:34', '2026-06-26 23:35:34'),
(20, 'Bubur Nasi', 'Savoury rice porridge with toppings', 7.50, 'sarapan-panas', 'menu-images/item20.png', 1, '2026-06-26 23:35:34', '2026-06-26 23:35:34'),
(21, 'Bubur Ayam', 'Chicken porridge with shredded chicken', 7.00, 'sarapan-panas', 'menu-images/item21.png', 1, '2026-06-26 23:35:34', '2026-06-26 23:35:34'),
(22, 'Laksa Johor', 'Spaghetti-like laksa with fish gravy', 8.00, 'sarapan-panas', 'menu-images/item22.png', 1, '2026-06-26 23:35:34', '2026-06-26 23:35:34'),
(23, 'Laksa Penang', 'Tangy tamarind fish noodle soup', 7.50, 'sarapan-panas', 'menu-images/item23.png', 1, '2026-06-26 23:35:34', '2026-06-26 23:35:34'),
(24, 'Bakso (Mee/Mee Hoon/Nasi)', 'Indonesian meatball soup with noodles or rice', 7.50, 'sarapan-panas', 'menu-images/item24.png', 1, '2026-06-26 23:35:34', '2026-06-26 23:35:34'),
(25, 'Soto (Mee/Mee Hoon/Nasi)', 'Aromatic spiced soup with noodles or rice', 8.00, 'sarapan-panas', 'menu-images/item25.png', 1, '2026-06-26 23:35:34', '2026-06-26 23:35:34'),
(26, 'Roti Bakar', 'Classic toasted bread with butter', 2.50, 'sarapan-roti', 'menu-images/item26.png', 1, '2026-06-26 23:35:34', '2026-06-26 23:35:34'),
(27, 'Roti Kaya', 'Toasted bread with coconut jam', 3.50, 'sarapan-roti', 'menu-images/item27.png', 1, '2026-06-26 23:35:34', '2026-06-26 23:35:34'),
(28, 'Roti Garlic', 'Toasted bread with garlic butter', 3.50, 'sarapan-roti', 'menu-images/item28.png', 1, '2026-06-26 23:35:34', '2026-06-26 23:35:34'),
(29, 'Add: Telur 1/2 Masak', 'Soft-boiled eggs', 3.50, 'sarapan-roti', 'menu-images/item29.png', 1, '2026-06-26 23:35:34', '2026-06-26 23:35:34'),
(30, 'Roti Kosong', 'Plain crispy flatbread', 1.50, 'roti-canai', 'menu-images/item30.png', 1, '2026-06-26 23:35:34', '2026-06-26 23:35:34'),
(31, 'Roti Kosong Bawang', 'Plain flatbread with onions', 2.00, 'roti-canai', 'menu-images/item31.png', 1, '2026-06-26 23:35:34', '2026-06-26 23:35:34'),
(32, 'Roti Tampal', 'Flatbread topped with egg', 2.80, 'roti-canai', 'menu-images/item32.png', 1, '2026-06-26 23:35:34', '2026-06-26 23:35:34'),
(33, 'Roti Telur', 'Flatbread with egg inside', 2.80, 'roti-canai', 'menu-images/item33.png', 1, '2026-06-26 23:35:34', '2026-06-26 23:35:34'),
(34, 'Roti Telur Bawang', 'Egg flatbread with onions', 3.50, 'roti-canai', 'menu-images/item34.png', 1, '2026-06-26 23:35:34', '2026-06-26 23:35:34'),
(35, 'Roti Telur Double Jantan', 'Flatbread with double eggs', 5.50, 'roti-canai', 'menu-images/item35.png', 1, '2026-06-26 23:35:34', '2026-06-26 23:35:34'),
(36, 'Roti Pisang', 'Flatbread filled with banana', 4.50, 'roti-canai', 'menu-images/item36.png', 1, '2026-06-26 23:35:34', '2026-06-26 23:35:34'),
(37, 'Roti Sardin', 'Flatbread with sardine filling', 6.00, 'roti-canai', 'menu-images/item37.png', 1, '2026-06-26 23:35:34', '2026-06-26 23:35:34'),
(38, 'Roti Bom', 'Small sweet flatbread with sugar', 2.50, 'roti-canai', 'menu-images/item38.png', 1, '2026-06-26 23:35:34', '2026-06-26 23:35:34'),
(39, 'Roti Planta', 'Flatbread with margarine', 3.00, 'roti-canai', 'menu-images/item39.png', 1, '2026-06-26 23:35:34', '2026-06-26 23:35:34'),
(40, 'Roti Sarang Burung Daging', 'Birds nest flatbread with minced beef & egg', 8.00, 'roti-canai', 'menu-images/item40.png', 1, '2026-06-26 23:35:34', '2026-06-26 23:35:34'),
(41, 'Nasi Bawal Goreng Berlado', 'Fried pomfret fish with spicy berlado sauce', 9.00, 'set-nasi', 'menu-images/item41.png', 1, '2026-06-26 23:35:34', '2026-06-26 23:35:34'),
(42, 'Nasi Siakap Goreng Berlado', 'Fried barramundi with spicy berlado sauce', 15.00, 'set-nasi', 'menu-images/item42.png', 1, '2026-06-26 23:35:34', '2026-06-26 23:35:34'),
(43, 'Nasi Keli Goreng Berlado', 'Fried catfish with spicy berlado sauce', 10.90, 'set-nasi', 'menu-images/item43.png', 1, '2026-06-26 23:35:34', '2026-06-26 23:35:34'),
(44, 'Nasi Ayam Goreng Berlado', 'Fried chicken with spicy berlado sauce', 8.50, 'set-nasi', 'menu-images/item44.png', 1, '2026-06-26 23:35:34', '2026-06-26 23:35:34'),
(45, 'Bubur Ayam', 'Chicken porridge', 6.50, 'set-panas', 'menu-images/item45.png', 1, '2026-06-26 23:35:34', '2026-06-26 23:35:34'),
(46, 'Bubur Nasi', 'Rice porridge with toppings', 7.50, 'set-panas', 'menu-images/item46.png', 1, '2026-06-26 23:35:34', '2026-06-26 23:35:34'),
(47, 'Bakso (Mee/Mee Hoon)', 'Meatball soup with noodles', 7.50, 'set-panas', 'menu-images/item47.png', 1, '2026-06-26 23:35:34', '2026-06-26 23:35:34'),
(48, 'Laksa Johor', 'Spaghetti-like laksa with fish gravy', 8.00, 'set-panas', 'menu-images/item48.png', 1, '2026-06-26 23:35:34', '2026-06-26 23:35:34'),
(49, 'Laksa Penang', 'Tangy tamarind fish noodle soup', 7.50, 'set-panas', 'menu-images/item49.png', 1, '2026-06-26 23:35:34', '2026-06-26 23:35:34'),
(50, 'Soto (Mee/Mee Hoon)', 'Aromatic spiced soup with noodles', 8.00, 'set-panas', 'menu-images/item50.png', 1, '2026-06-26 23:35:34', '2026-06-26 23:35:34'),
(51, 'Nasi Lemak Basmathi (Telur)', 'Basmathi coconut rice with egg', 6.00, 'set-panas', 'menu-images/item51.png', 1, '2026-06-26 23:35:34', '2026-06-26 23:35:34'),
(52, 'Nasi Lemak Basmathi (Ayam)', 'Basmathi coconut rice with chicken', 9.00, 'set-panas', 'menu-images/item52.png', 1, '2026-06-26 23:35:34', '2026-06-26 23:35:34'),
(53, 'Siakap Tiga Rasa', 'Barramundi in sweet, sour, spicy three-flavour sauce', 37.00, 'ikan-siakap', 'menu-images/item53.png', 1, '2026-06-26 23:35:34', '2026-06-26 23:35:34'),
(54, 'Siakap Masam Manis', 'Barramundi in sweet and sour sauce', 37.00, 'ikan-siakap', 'menu-images/item54.png', 1, '2026-06-26 23:35:34', '2026-06-26 23:35:34'),
(55, 'Siakap Steam Lemon', 'Steamed barramundi with lemon', 37.00, 'ikan-siakap', 'menu-images/item55.png', 1, '2026-06-26 23:35:34', '2026-06-26 23:35:34'),
(56, 'Siakap Laprik', 'Barramundi in spicy laprik style', 37.00, 'ikan-siakap', 'menu-images/item56.png', 1, '2026-06-26 23:35:34', '2026-06-26 23:35:34'),
(57, 'Siakap Goreng Kunyit', 'Turmeric fried barramundi', 37.00, 'ikan-siakap', 'menu-images/item57.png', 1, '2026-06-26 23:35:34', '2026-06-26 23:35:34'),
(58, 'Siakap Bakar', 'Grilled barramundi with sambal', 37.00, 'ikan-bakar', 'menu-images/item58.png', 1, '2026-06-26 23:35:34', '2026-06-26 23:35:34'),
(59, 'Caru Bakar', 'Grilled trevally fish', 12.00, 'ikan-bakar', 'menu-images/item59.png', 1, '2026-06-26 23:35:34', '2026-06-26 23:35:34'),
(60, 'Kerang Bakar', 'Grilled cockles with sambal', 15.00, 'ikan-bakar', 'menu-images/item60.png', 1, '2026-06-26 23:35:34', '2026-06-26 23:35:34'),
(61, 'Sotong Bakar', 'Grilled squid with sambal', 15.00, 'ikan-bakar', 'menu-images/item61.png', 1, '2026-06-26 23:35:34', '2026-06-26 23:35:34'),
(62, 'Kailan (Biasa/Ikan Masin)', 'Stir-fried kale plain or with salted fish', 7.00, 'alacarte-sayur', 'menu-images/item62.png', 1, '2026-06-26 23:35:34', '2026-06-26 23:35:34'),
(63, 'Kangkung (Biasa/Belacan)', 'Water spinach plain or with shrimp paste', 7.00, 'alacarte-sayur', 'menu-images/item63.png', 1, '2026-06-26 23:35:34', '2026-06-26 23:35:34'),
(64, 'Taugeh (Biasa/Ikan Masin)', 'Beansprouts plain or with salted fish', 7.00, 'alacarte-sayur', 'menu-images/item64.png', 1, '2026-06-26 23:35:34', '2026-06-26 23:35:34'),
(65, 'Sawi (Biasa/Ikan Masin)', 'Mustard greens plain or with salted fish', 7.00, 'alacarte-sayur', 'menu-images/item65.png', 1, '2026-06-26 23:35:34', '2026-06-26 23:35:34'),
(66, 'Cendawan Goreng Biasa', 'Fried mushrooms', 7.00, 'alacarte-sayur', 'menu-images/item66.png', 1, '2026-06-26 23:35:34', '2026-06-26 23:35:34'),
(67, 'Ayam Black Pepper', 'Chicken in black pepper sauce', 7.50, 'alacarte-lauk', 'menu-images/item67.png', 1, '2026-06-26 23:35:34', '2026-06-26 23:35:34'),
(68, 'Daging Black Pepper', 'Beef in black pepper sauce', 8.50, 'alacarte-lauk', 'menu-images/item68.png', 1, '2026-06-26 23:35:34', '2026-06-26 23:35:34'),
(69, 'Sotong Black Pepper', 'Squid in black pepper sauce', 9.50, 'alacarte-lauk', 'menu-images/item69.png', 1, '2026-06-26 23:35:34', '2026-06-26 23:35:34'),
(70, 'Ayam Sambal', 'Chicken in spicy sambal', 7.50, 'alacarte-lauk', 'menu-images/item70.png', 1, '2026-06-26 23:35:34', '2026-06-26 23:35:34'),
(71, 'Daging Sambal', 'Beef in spicy sambal', 8.50, 'alacarte-lauk', 'menu-images/item71.png', 1, '2026-06-26 23:35:34', '2026-06-26 23:35:34'),
(72, 'Sotong Sambal', 'Squid in spicy sambal', 9.50, 'alacarte-lauk', 'menu-images/item72.png', 1, '2026-06-26 23:35:34', '2026-06-26 23:35:34'),
(73, 'Ayam Merah', 'Chicken in red tomato sauce', 7.50, 'alacarte-lauk', 'menu-images/item73.png', 1, '2026-06-26 23:35:34', '2026-06-26 23:35:34'),
(74, 'Daging Merah', 'Beef in red tomato sauce', 8.50, 'alacarte-lauk', 'menu-images/item74.png', 1, '2026-06-26 23:35:34', '2026-06-26 23:35:34'),
(75, 'Sotong Merah', 'Squid in red tomato sauce', 9.50, 'alacarte-lauk', 'menu-images/item75.png', 1, '2026-06-26 23:35:34', '2026-06-26 23:35:34'),
(76, 'Ayam Paprik', 'Chicken in Thai paprik sauce', 7.50, 'alacarte-lauk', 'menu-images/item76.png', 1, '2026-06-26 23:35:34', '2026-06-26 23:35:34'),
(77, 'Daging Paprik', 'Beef in Thai paprik sauce', 8.50, 'alacarte-lauk', 'menu-images/item77.png', 1, '2026-06-26 23:35:34', '2026-06-26 23:35:34'),
(78, 'Sotong Paprik', 'Squid in Thai paprik sauce', 9.50, 'alacarte-lauk', 'menu-images/item78.png', 1, '2026-06-26 23:35:34', '2026-06-26 23:35:34'),
(79, 'Ayam Pha Khra Phao', 'Chicken in Thai basil sauce', 8.00, 'alacarte-lauk', 'menu-images/item79.png', 1, '2026-06-26 23:35:34', '2026-06-26 23:35:34'),
(80, 'Daging Pha Khra Phao', 'Beef in Thai basil sauce', 9.00, 'alacarte-lauk', 'menu-images/item80.png', 1, '2026-06-26 23:35:34', '2026-06-26 23:35:34'),
(81, 'Ayam Kunyit', 'Turmeric fried chicken', 7.50, 'alacarte-lauk', 'menu-images/item81.png', 1, '2026-06-26 23:35:34', '2026-06-26 23:35:34'),
(82, 'Daging Kunyit', 'Turmeric fried beef', 9.50, 'alacarte-lauk', 'menu-images/item82.png', 1, '2026-06-26 23:35:34', '2026-06-26 23:35:34'),
(83, 'Sotong Kunyit', 'Turmeric fried squid', 9.50, 'alacarte-lauk', 'menu-images/item83.png', 1, '2026-06-26 23:35:34', '2026-06-26 23:35:34'),
(84, 'Udang Kunyit', 'Turmeric fried prawns', 9.50, 'alacarte-lauk', 'menu-images/item84.png', 1, '2026-06-26 23:35:34', '2026-06-26 23:35:34'),
(85, 'Add: Nasi Putih', 'Steamed white rice', 2.00, 'alacarte-lauk', 'menu-images/item85.png', 1, '2026-06-26 23:35:34', '2026-06-26 23:35:34'),
(86, 'Add: Nasi Goreng', 'Fried rice', 3.00, 'alacarte-lauk', 'menu-images/item86.png', 1, '2026-06-26 23:35:34', '2026-06-26 23:35:34'),
(87, 'Sotong Goreng Tepung', 'Crispy fried squid', 10.50, 'alacarte-tepung', 'menu-images/item87.png', 1, '2026-06-26 23:35:34', '2026-06-26 23:35:34'),
(88, 'Udang Goreng Tepung', 'Crispy fried prawns', 10.50, 'alacarte-tepung', 'menu-images/item88.png', 1, '2026-06-26 23:35:34', '2026-06-26 23:35:34'),
(89, 'Cendawan Goreng Tepung', 'Crispy fried mushrooms', 7.00, 'alacarte-tepung', 'menu-images/item89.png', 1, '2026-06-26 23:35:34', '2026-06-26 23:35:34'),
(90, 'Inokki Goreng Tepung', 'Crispy fried enoki mushrooms', 7.00, 'alacarte-tepung', 'menu-images/item90.png', 1, '2026-06-26 23:35:34', '2026-06-26 23:35:34'),
(91, 'Sup Ayam Ala Thai', 'Thai-style chicken soup', 8.00, 'alacarte-sup', 'menu-images/item91.png', 1, '2026-06-26 23:35:34', '2026-06-26 23:35:34'),
(92, 'Sup Daging Ala Thai', 'Thai-style beef soup', 9.00, 'alacarte-sup', 'menu-images/item92.png', 1, '2026-06-26 23:35:34', '2026-06-26 23:35:34'),
(93, 'Add: Mee/Mee Hoon/Kuey Teow', 'Add noodles to your soup', 2.00, 'alacarte-sup', 'menu-images/item93.png', 1, '2026-06-26 23:35:34', '2026-06-26 23:35:34'),
(94, 'Tom Yam Ayam', 'Spicy sour chicken soup', 8.00, 'alacarte-tomyam', 'menu-images/item94.png', 1, '2026-06-26 23:35:34', '2026-06-26 23:35:34'),
(95, 'Tom Yam Daging', 'Spicy sour beef soup', 9.00, 'alacarte-tomyam', 'menu-images/item95.png', 1, '2026-06-26 23:35:34', '2026-06-26 23:35:34'),
(96, 'Tom Yam Ayam + Daging', 'Spicy sour chicken & beef soup', 12.00, 'alacarte-tomyam', 'menu-images/item96.png', 1, '2026-06-26 23:35:34', '2026-06-26 23:35:34'),
(97, 'Tom Yam Seafood', 'Spicy sour seafood soup', 13.00, 'alacarte-tomyam', 'menu-images/item97.png', 1, '2026-06-26 23:35:34', '2026-06-26 23:35:34'),
(98, 'Tom Yam Campur', 'Mixed spicy sour soup', 13.00, 'alacarte-tomyam', 'menu-images/item98.png', 1, '2026-06-26 23:35:34', '2026-06-26 23:35:34'),
(99, 'Tom Yam Sayur', 'Spicy sour vegetable soup', 8.00, 'alacarte-tomyam', 'menu-images/item99.png', 1, '2026-06-26 23:35:34', '2026-06-26 23:35:34'),
(100, 'Tom Yam Cendawan', 'Spicy sour mushroom soup', 8.00, 'alacarte-tomyam', 'menu-images/item100.png', 1, '2026-06-26 23:35:34', '2026-06-26 23:35:34'),
(101, 'Add: Mee/Mee Hoon/Kuey Teow', 'Add noodles to tomyam', 2.00, 'alacarte-tomyam', 'menu-images/item101.png', 1, '2026-06-26 23:35:34', '2026-06-26 23:35:34'),
(102, 'Mee Bandung', 'Thick gravy noodles with prawns and beef', 10.50, 'alacarte-meekuah', 'menu-images/item102.png', 1, '2026-06-26 23:35:34', '2026-06-26 23:35:34'),
(103, 'Mee Hong Kong', 'Hong Kong style gravy noodles', 10.50, 'alacarte-meekuah', 'menu-images/item103.png', 1, '2026-06-26 23:35:34', '2026-06-26 23:35:34'),
(104, 'Mee Hailam', 'Hainanese style gravy noodles', 10.50, 'alacarte-meekuah', 'menu-images/item104.png', 1, '2026-06-26 23:35:34', '2026-06-26 23:35:34'),
(105, 'Mee Kung Fu', 'Kung Fu style gravy noodles', 10.50, 'alacarte-meekuah', 'menu-images/item105.png', 1, '2026-06-26 23:35:34', '2026-06-26 23:35:34'),
(106, 'Chicken Chop (Fried/Grill)', 'Fried or grilled chicken chop with mushroom sauce', 18.50, 'western', 'menu-images/item106.png', 1, '2026-06-26 23:35:34', '2026-06-26 23:35:34'),
(107, 'Fish N Chips', 'Battered fish with fries and tartar sauce', 16.50, 'western', 'menu-images/item107.png', 1, '2026-06-26 23:35:34', '2026-06-26 23:35:34'),
(108, 'Lamb Chop', 'Grilled lamb chop with black pepper sauce', 30.90, 'western', 'menu-images/item108.png', 1, '2026-06-26 23:35:34', '2026-06-26 23:35:34'),
(109, 'Aglio Olio Seafood', 'Spaghetti with seafood, garlic, and olive oil', 17.00, 'western', 'menu-images/item109.png', 1, '2026-06-26 23:35:34', '2026-06-26 23:35:34'),
(110, 'Aglio Olio Beef Bacon', 'Spaghetti with beef bacon, garlic, and olive oil', 15.00, 'western', 'menu-images/item110.png', 1, '2026-06-26 23:35:34', '2026-06-26 23:35:34'),
(111, 'Aglio Olio Chicken', 'Spaghetti with chicken, garlic, and olive oil', 13.00, 'western', 'menu-images/item111.png', 1, '2026-06-26 23:35:34', '2026-06-26 23:35:34'),
(112, 'Carbonara Seafood', 'Creamy spaghetti with seafood', 18.00, 'western', 'menu-images/item112.png', 1, '2026-06-26 23:35:34', '2026-06-26 23:35:34'),
(113, 'Carbonara Beef Bacon', 'Creamy spaghetti with beef bacon', 16.00, 'western', 'menu-images/item113.png', 1, '2026-06-26 23:35:34', '2026-06-26 23:35:34'),
(114, 'Carbonara Chicken', 'Creamy spaghetti with chicken', 14.00, 'western', 'menu-images/item114.png', 1, '2026-06-26 23:35:34', '2026-06-26 23:35:34'),
(115, 'Bolognesse', 'Spaghetti in meat sauce', 15.00, 'western', 'menu-images/item115.png', 1, '2026-06-26 23:35:34', '2026-06-26 23:35:34'),
(116, 'Smash Beef (Single)', 'Single smashed beef burger patty', 8.00, 'western', 'menu-images/item116.png', 1, '2026-06-26 23:35:34', '2026-06-26 23:35:34'),
(117, 'Smash Beef (Double)', 'Double smashed beef burger patties', 10.00, 'western', 'menu-images/item117.png', 1, '2026-06-26 23:35:34', '2026-06-26 23:35:34'),
(118, 'Crispy Chicken Burger', 'Crispy fried chicken burger', 7.50, 'western', 'menu-images/item118.png', 1, '2026-06-26 23:35:34', '2026-06-26 23:35:34'),
(119, 'Add: Fries', 'Add fries to your burger', 2.00, 'western', 'menu-images/item119.png', 1, '2026-06-26 23:35:34', '2026-06-26 23:35:34'),
(120, 'Fries', 'Golden french fries', 7.50, 'western', 'menu-images/item120.png', 1, '2026-06-26 23:35:34', '2026-06-26 23:35:34'),
(121, 'Nugget 8pcs', 'Chicken nuggets 8 pieces', 8.00, 'western', 'menu-images/item121.png', 1, '2026-06-26 23:35:34', '2026-06-26 23:35:34'),
(122, 'Cheesy Wedges', 'Potato wedges with cheese sauce', 8.50, 'western', 'menu-images/item122.png', 1, '2026-06-26 23:35:34', '2026-06-26 23:35:34'),
(123, 'Nasi Goreng Biasa', 'Classic fried rice', 7.50, 'goreng-nasi', 'menu-images/item123.png', 1, '2026-06-26 23:35:34', '2026-06-26 23:35:34'),
(124, 'Nasi Goreng Kampung', 'Village-style fried rice with anchovies', 8.00, 'goreng-nasi', 'menu-images/item124.png', 1, '2026-06-26 23:35:34', '2026-06-26 23:35:34'),
(125, 'Nasi Goreng Cina', 'Chinese-style fried rice', 7.50, 'goreng-nasi', 'menu-images/item125.png', 1, '2026-06-26 23:35:34', '2026-06-26 23:35:34'),
(126, 'Nasi Goreng Ikan Masin', 'Fried rice with salted fish', 8.50, 'goreng-nasi', 'menu-images/item126.png', 1, '2026-06-26 23:35:34', '2026-06-26 23:35:34'),
(127, 'Nasi Goreng Cili Padi', 'Spicy bird eye chili fried rice', 8.50, 'goreng-nasi', 'menu-images/item127.png', 1, '2026-06-26 23:35:34', '2026-06-26 23:35:34'),
(128, 'Nasi Goreng Pattaya', 'Fried rice wrapped in egg', 8.50, 'goreng-nasi', 'menu-images/item128.png', 1, '2026-06-26 23:35:34', '2026-06-26 23:35:34'),
(129, 'Nasi Goreng Tom Yam', 'Tom yum flavoured fried rice', 9.00, 'goreng-nasi', 'menu-images/item129.png', 1, '2026-06-26 23:35:34', '2026-06-26 23:35:34'),
(130, 'Nasi Goreng Belacan', 'Shrimp paste fried rice', 12.00, 'goreng-nasi', 'menu-images/item130.png', 1, '2026-06-26 23:35:34', '2026-06-26 23:35:34'),
(131, 'Mee Goreng', 'Classic fried noodles', 7.50, 'goreng-mee', 'menu-images/item131.png', 1, '2026-06-26 23:35:34', '2026-06-26 23:35:34'),
(132, 'Mee Hoon Goreng Singapore', 'Singapore-style fried vermicelli', 7.50, 'goreng-mee', 'menu-images/item132.png', 1, '2026-06-26 23:35:34', '2026-06-26 23:35:34'),
(133, 'Char Kuey Teow', 'Stir-fried flat rice noodles', 8.00, 'goreng-mee', 'menu-images/item133.png', 1, '2026-06-26 23:35:34', '2026-06-26 23:35:34'),
(134, 'Teh O\' (Hot)', 'Hot tea without milk', 2.30, 'drinks-noncoffee', 'menu-images/item134.png', 1, '2026-06-26 23:35:34', '2026-06-26 23:35:34'),
(135, 'Teh O\' (Cold)', 'Iced tea without milk', 2.50, 'drinks-noncoffee', 'menu-images/item135.png', 1, '2026-06-26 23:35:34', '2026-06-26 23:35:34'),
(136, 'Teh Tarik (Hot)', 'Hot pulled milk tea', 2.50, 'drinks-noncoffee', 'menu-images/item136.png', 1, '2026-06-26 23:35:34', '2026-06-26 23:35:34'),
(137, 'Teh Tarik (Cold)', 'Iced pulled milk tea', 3.00, 'drinks-noncoffee', 'menu-images/item137.png', 1, '2026-06-26 23:35:34', '2026-06-26 23:35:34'),
(138, 'Teh Halia (Hot)', 'Hot ginger tea with milk', 3.50, 'drinks-noncoffee', 'menu-images/item138.png', 1, '2026-06-26 23:35:34', '2026-06-26 23:35:34'),
(139, 'Teh Halia (Cold)', 'Iced ginger tea with milk', 4.00, 'drinks-noncoffee', 'menu-images/item139.png', 1, '2026-06-26 23:35:34', '2026-06-26 23:35:34'),
(140, 'Sirap (Hot)', 'Hot rose syrup drink', 2.00, 'drinks-noncoffee', 'menu-images/item140.png', 1, '2026-06-26 23:35:34', '2026-06-26 23:35:34'),
(141, 'Sirap (Cold)', 'Iced rose syrup drink', 2.50, 'drinks-noncoffee', 'menu-images/item141.png', 1, '2026-06-26 23:35:34', '2026-06-26 23:35:34'),
(142, 'Sirap Bandung (Cold)', 'Iced rose syrup with milk', 3.50, 'drinks-noncoffee', 'menu-images/item142.png', 1, '2026-06-26 23:35:34', '2026-06-26 23:35:34'),
(143, 'Sirap Bandung Soda (Cold)', 'Sparkling rose milk drink', 4.00, 'drinks-noncoffee', 'menu-images/item143.png', 1, '2026-06-26 23:35:34', '2026-06-26 23:35:34'),
(144, 'Limau (Hot)', 'Hot lime juice', 2.70, 'drinks-noncoffee', 'menu-images/item144.png', 1, '2026-06-26 23:35:34', '2026-06-26 23:35:34'),
(145, 'Limau (Cold)', 'Iced lime juice', 3.00, 'drinks', 'menu-images/hfb3hJeGoyDJmnOPEZtfSXho0B7Fnygcltg7KVhl.jpg', 1, '2026-06-26 23:35:34', '2026-06-27 16:39:24'),
(146, 'Jus Orange', 'Fresh orange juice', 5.00, 'drinks', 'menu-images/cSVWt9RnebdRJugmhpLG6uHm773QrLrcPVpceXXG.webp', 1, '2026-06-26 23:35:34', '2026-06-27 16:42:19'),
(147, 'Jus Apple', 'Fresh apple juice', 5.00, 'drinks', 'menu-images/hG8QAvcixCdNI916MyF8YVlpwk16IlEUkhh4iSWm.jpg', 1, '2026-06-26 23:35:34', '2026-06-27 16:43:22'),
(148, 'Jus Watermelon', 'Fresh watermelon juice', 5.00, 'drinks-jus', 'menu-images/zsysaDnuKQXnuKTr78DKrPwJvGNji3IJvhlgzgpU.jpg', 1, '2026-06-26 23:35:34', '2026-06-27 19:18:20'),
(149, 'Jus Lychee', 'Sweet lychee juice', 5.00, 'drinks-jus', 'menu-images/ZRyI8dgdtXtoc7Sk6hsroDvgZHxwZPSTrx6NIJD7.jpg', 1, '2026-06-26 23:35:34', '2026-06-27 19:19:18'),
(150, 'Jus Lemon', 'Fresh lemon juice', 5.00, 'drinks-jus', 'menu-images/FTvRsk8N4D97mD99JTefjYuhcmK5yFtkMDmczEz5.jpg', 1, '2026-06-26 23:35:34', '2026-06-27 19:19:57'),
(151, 'Cikong', 'Refreshing traditional dessert drink', 6.00, 'drinks-dessert', 'menu-images/HSmfMxwLVHs69JIuCMaZtKatVPB5L5ePnUJLu3fb.jpg', 1, '2026-06-26 23:35:34', '2026-06-27 19:21:50'),
(152, 'Ais Jelly Limau', 'Lime jelly ice dessert', 6.00, 'drinks-dessert', 'menu-images/6gqrlVo9DpUjCwH3zPy39ebbqvDIMFlspjqHiUHZ.jpg', 1, '2026-06-26 23:35:34', '2026-06-27 19:23:38'),
(153, 'Cendol', 'Shaved ice with pandan jelly and coconut milk', 6.00, 'drinks-dessert', 'menu-images/c3kaDLZ4a6GDXQIqruTWH95djPKyrPQdSlAjfdEU.jpg', 1, '2026-06-26 23:35:34', '2026-06-27 19:25:07'),
(155, 'Ayam gunting', NULL, 10.00, 'sarapan-panas', 'menu-images/qxRwqAMIgWNO88lv0XEfuvJRn8WDX8vGz1BR0U34.jpg', 1, '2026-06-28 14:35:25', '2026-06-28 14:35:25');

INSERT INTO `orders` (`id`, `user_id`, `customer_name`, `customer_phone`, `order_type`, `table_number`, `pax`, `delivery_address`, `special_notes`, `payment_method`, `receipt_path`, `subtotal`, `tax`, `delivery_fee`, `total`, `status`, `created_at`, `updated_at`) VALUES
(1, 2, 'Ahmad Farid', '011-2345678', 'dine-in', 5, NULL, NULL, NULL, 'cash', NULL, 36.00, 2.16, 0.00, 38.16, 'completed', '2026-06-26 20:39:02', '2026-06-26 20:39:02'),
(2, 3, 'Siti Aisyah', '013-9876543', 'delivery', NULL, NULL, NULL, NULL, 'online_transfer', NULL, 35.50, 2.13, 3.00, 40.63, 'completed', '2026-06-26 20:39:02', '2026-06-27 19:31:45'),
(3, 4, 'Guest (Table 3)', '-', 'dine-in', 3, NULL, NULL, NULL, 'cash', NULL, 54.00, 3.24, 0.00, 57.24, 'completed', '2026-06-26 13:08:35', '2026-06-26 22:00:59'),
(4, 3, 'Guest (Table 1)', '-', 'dine-in', 1, NULL, NULL, NULL, 'cash', NULL, 54.00, 3.24, 0.00, 57.24, 'completed', '2026-06-26 22:05:40', '2026-06-27 19:31:45'),
(5, 3, 'Siti Aisyah', '013-9876543', 'delivery', NULL, NULL, 'Apartment Harmoni, Blok B-12, 75450 Melaka', 'Tableware provided', 'cash', NULL, 47.00, 2.82, 3.00, 52.82, 'completed', '2026-06-26 22:18:30', '2026-06-27 19:31:45'),
(6, 3, 'Siti Aisyah', '013-9876543', 'delivery', NULL, NULL, 'Apartment Harmoni, Blok B-12, 75450 Melaka', NULL, 'online_transfer', 'assets/uploads/receipts/6_1782548456.pdf', 35.00, 2.10, 3.00, 40.10, 'completed', '2026-06-27 00:20:56', '2026-06-27 19:31:45'),
(7, 4, 'Iryn', '125438458', 'delivery', NULL, NULL, NULL, NULL, 'cash', NULL, 59.00, 3.54, 3.00, 65.54, 'confirmed', '2026-06-27 00:43:32', '2026-06-28 14:13:19'),
(8, 4, 'Guest (Table 3)', '125438458', 'dine-in', 3, NULL, NULL, NULL, 'cash', NULL, 47.00, 2.82, 0.00, 49.82, 'ready', '2026-06-27 00:49:30', '2026-06-28 11:35:39'),
(9, NULL, 'Guest (Table 2)', '-', 'dine-in', 2, NULL, NULL, NULL, 'cash', NULL, 47.00, 2.82, 0.00, 49.82, 'ready', '2026-06-27 01:06:32', '2026-06-28 14:14:23'),
(10, NULL, 'Guest (Table 5)', '0197560221', 'takeaway', 5, NULL, NULL, NULL, 'cash', NULL, 20.00, 1.20, 0.00, 21.20, 'pending', '2026-06-27 10:47:45', '2026-06-27 19:54:55'),
(11, NULL, 'Guest (Table 1)', '-', 'dine-in', 1, NULL, NULL, NULL, 'cash', NULL, 54.00, 3.24, 0.00, 57.24, 'preparing', '2026-06-28 14:13:55', '2026-06-28 14:14:33');

INSERT INTO `order_items` (`id`, `order_id`, `menu_item_id`, `item_name`, `unit_price`, `quantity`, `line_total`) VALUES
(1, 1, 1, 'Sup Gearbox Kambing', 19.00, 1, 19.00),
(2, 1, 51, 'Nasi Goreng Kampung', 8.00, 1, 8.00),
(3, 1, 119, 'Teh Tarik', 2.50, 1, 2.50),
(4, 2, 96, 'Tom Yam Seafood', 13.00, 1, 13.00),
(5, 2, 101, 'Chicken Chop Grill', 18.50, 1, 18.50),
(6, 2, 139, 'Jus Tembikai', 4.70, 2, 9.40),
(7, 3, 2, 'Sup Kambing', 20.00, 1, 20.00),
(8, 3, 3, 'Sup Daging', 8.00, 1, 8.00),
(9, 3, 4, 'Sup Ayam', 7.00, 1, 7.00),
(10, 3, 1, 'Sup Gearbox Kambing', 19.00, 1, 19.00),
(11, 4, 1, 'Sup Gearbox Kambing', 19.00, 1, 19.00),
(12, 4, 2, 'Sup Kambing', 20.00, 1, 20.00),
(13, 4, 3, 'Sup Daging', 8.00, 1, 8.00),
(14, 4, 4, 'Sup Ayam', 7.00, 1, 7.00),
(15, 5, 1, 'Sup Gearbox Kambing', 19.00, 1, 19.00),
(16, 5, 2, 'Sup Kambing', 20.00, 1, 20.00),
(17, 5, 3, 'Sup Daging', 8.00, 1, 8.00),
(18, 6, 2, 'Sup Kambing', 20.00, 1, 20.00),
(19, 6, 3, 'Sup Daging', 8.00, 1, 8.00),
(20, 6, 6, 'Add: Nasi Putih + Telur Dadar + Sambal + Ulam', 5.00, 1, 5.00),
(21, 6, 5, 'Add: Mee / Mee Hoon / Kuey Teow', 2.00, 1, 2.00),
(22, 7, 1, 'Sup Gearbox Kambing', 19.00, 1, 19.00),
(23, 7, 2, 'Sup Kambing', 20.00, 1, 20.00),
(24, 7, 3, 'Sup Daging', 8.00, 1, 8.00),
(25, 7, 4, 'Sup Ayam', 7.00, 1, 7.00),
(26, 7, 6, 'Add On: Nasi Putih + Telur Dadar + Sambal + Ulaman', 5.00, 1, 5.00),
(27, 8, 1, 'Sup Gearbox Kambing', 19.00, 1, 19.00),
(28, 8, 2, 'Sup Kambing', 20.00, 1, 20.00),
(29, 8, 3, 'Sup Daging', 8.00, 1, 8.00),
(30, 9, 1, 'Sup Gearbox Kambing', 19.00, 1, 19.00),
(31, 9, 2, 'Sup Kambing', 20.00, 1, 20.00),
(32, 9, 3, 'Sup Daging', 8.00, 1, 8.00),
(33, 10, 2, 'Sup Kambing', 20.00, 1, 20.00),
(34, 11, 1, 'Sup Gearbox Kambing', 19.00, 1, 19.00),
(35, 11, 2, 'Sup Kambing', 20.00, 1, 20.00),
(36, 11, 4, 'Sup Ayam', 7.00, 1, 7.00),
(37, 11, 3, 'Sup Daging', 8.00, 1, 8.00);

INSERT INTO `tables` (`id`, `table_number`, `capacity`, `created_at`, `updated_at`) VALUES
(1, 3, 4, '2026-06-26 12:43:07', '2026-06-26 12:43:07'),
(2, 2, 4, '2026-06-26 22:32:15', '2026-06-26 22:32:15'),
(3, 5, 4, '2026-06-27 09:23:56', '2026-06-27 09:23:56'),
(4, 8, 4, '2026-06-27 10:10:42', '2026-06-27 10:10:42'),
(5, 4, 4, '2026-06-27 16:16:46', '2026-06-27 16:16:46'),
(6, 1, 4, '2026-06-28 11:48:45', '2026-06-28 11:48:45'),
(7, 9, 4, '2026-06-28 11:48:50', '2026-06-28 11:48:50'),
(8, 10, 4, '2026-06-28 11:48:53', '2026-06-28 11:48:53'),
(9, 11, 4, '2026-06-28 11:48:57', '2026-06-28 11:48:57'),
(10, 12, 4, '2026-06-28 11:48:59', '2026-06-28 11:48:59'),
(11, 13, 4, '2026-06-28 11:49:09', '2026-06-28 11:49:09');

INSERT INTO `users` (`id`, `full_name`, `email`, `phone`, `password`, `role`, `address`, `is_active`, `created_at`, `updated_at`) VALUES
(1, 'Admin Restoran ZZ', 'admin@suptulangzz.com', '012-3456789', '$2y$12$aq7Iq4UoovdW36x4Mlprv.xMebMkFlaFv59n1M.S5KSMjP6ygeepm', 'admin', 'Jalan Example, Taman Melaka Raya, 75000 Melaka', 1, '2026-06-26 20:39:02', '2026-06-26 12:40:17'),
(2, 'Ahmad Farid', 'ahmad@example.com', '011-2345678', '$2y$12$u0H3VpSHJH/yOAXFb3xvf.bG0zYjf4S1o3Jh7MqK9wD.1UpX8zfVm', 'customer', 'No 12, Jalan Puteri, 75350 Melaka', 1, '2026-06-26 20:39:02', '2026-06-26 20:39:02'),
(3, 'Siti Aisyah', 'siti@example.com', '013-9876543', '$2y$12$mDuw5c4WVrmthLRElZYbsOQtpMDv/X2LqALsJul3D0DNcANDISN/O', 'customer', 'Apartment Harmoni, Blok B-12, 75450 Melaka', 1, '2026-06-26 20:39:02', '2026-06-26 22:03:54'),
(4, 'Iryn', 'ooi@gmail.com', '125438458', '$2y$12$9hK7.pBGNbnoO6oDAzf38eAhq1taL.o4sqq/nouVuCE67pCER2Q.u', 'staff', NULL, 1, '2026-06-26 12:58:11', '2026-06-26 22:28:11'),
(5, 'OOI XIEN XIEN', 'xienxien13@gmail.com', '0197560221', '$2y$12$aZupvjm7VnemRze5pXbKA.ExAso7tsGed95VyIlU7dmhO10T2Wnce', 'staff', NULL, 1, '2026-06-26 22:26:18', '2026-06-27 19:41:43');

COMMIT;
